PublishedDegree,Area,Context,Similar,Equivalent
ADMINISTRAÇÃO,HUMANAS,ADMINISTRAÇÃO,ADMINISTRAÇÃO,ADMINISTRAÇÃO
ADMINISTRAÇÃO DE EMPRESAS,HUMANAS,ADMINISTRAÇÃO,ADMINISTRAÇÃO,ADMINISTRAÇÃO
ADMINISTRAÇÃO PÚBLICA,HUMANAS,ADMINISTRAÇÃO,ADMINISTRAÇÃO,ADMINISTRAÇÃO
ADMINISTRAÇÃO PÚBLICA E GESTÃO SOCIAL,HUMANAS,ADMINISTRAÇÃO,ADMINISTRAÇÃO,ADMINISTRAÇÃO
ADMINISTRAÇÃO PÚBLICA E POLÍTICAS PÚBLICAS,HUMANAS,ADMINISTRAÇÃO,ADMINISTRAÇÃO,ADMINISTRAÇÃO
ADMINISTRAÇÃO PÚBLICA E SOCIAL,HUMANAS,ADMINISTRAÇÃO,ADMINISTRAÇÃO,ADMINISTRAÇÃO
AGROCOMPUTAÇÃO,EXATAS,AGRO,AGROCOMPUTAÇÃO,AGROCOMPUTAÇÃO
AGROECOLOGIA,BIOLÓGICAS,AGRO,AGROECOLOGIA,AGROECOLOGIA
AGROINDÚSTRIA,BIOLÓGICAS,AGRO,AGROINDÚSTRIA,AGROINDÚSTRIA
AGRONEGÓCIO,BIOLÓGICAS,AGRO,AGRONEGÓCIO,AGRONEGÓCIO
AGRONOMIA,BIOLÓGICAS,AGRO,AGRONOMIA,AGRONOMIA
ALIMENTOS,BIOLÓGICAS,AGRO,ALIMENTOS,ALIMENTOS
ANIMAÇÃO,HUMANAS,ARTES,DANÇA,ANIMAÇÃO
ANTROPOLOGIA,HUMANAS,ANTROPOLOGIA,ANTROPOLOGIA,ANTROPOLOGIA
ANTROPOLOGIA - DIVERSIDADE CULTURAL LATINO-AMERICANA,HUMANAS,ANTROPOLOGIA,ANTROPOLOGIA,ANTROPOLOGIA
ANTROPOLOGIA E ARQUEOLOGIA,HUMANAS,ANTROPOLOGIA,ANTROPOLOGIA,ANTROPOLOGIA
APICULTURA E MELIPONICULTURA,HUMANAS,AGRO,APICULTURA E MELIPONICULTURA,APICULTURA
AQUACULTURA,BIOLÓGICAS,AGRO,AQUACULTURA,AQUACULTURA
AQÜICULTURA,BIOLÓGICAS,AGRO,AQÜICULTURA,AQÜICULTURA
ARQUEOLOGIA,HUMANAS,ARQUEOLOGIA,ANTROPOLOGIA,ARQUEOLOGIA
ARQUEOLOGIA E PRESERVAÇÃO PATRIMONIAL,HUMANAS,ARQUEOLOGIA,ANTROPOLOGIA,ARQUEOLOGIA
ARQUITETURA E URBANISMO,HUMANAS,ARQUITETURA,ARQUITETURA E URBANISMO,ARQUITETURA
ARQUIVOLOGIA,HUMANAS,ARQUIVOLOGIA,ARQUIVOLOGIA,ARQUIVOLOGIA
ABI - ARTES CÊNICAS,HUMANAS,ARTES,ARTES CÊNICAS,ARTES CÊNICAS
ARTE,HUMANAS,ARTES,ARTES,ARTES CÊNICAS
ARTE E MÍDIA,HUMANAS,ARTES,ARTES,ARTES CÊNICAS
ARTES,HUMANAS,ARTES,ARTES,ARTES CÊNICAS
ARTES APLICADAS,HUMANAS,ARTES,ARTES,ARTES CÊNICAS
ARTES CÊNICAS,HUMANAS,ARTES,ARTES CÊNICAS,ARTES CÊNICAS
ARTES CÊNICAS - CENOGRAFIA,HUMANAS,ARTES,ARTES CÊNICAS,ARTES CÊNICAS
ARTES CÊNICAS - DIREÇÃO TEATRAL,HUMANAS,ARTES,ARTES CÊNICAS,ARTES CÊNICAS
ARTES CÊNICAS - INDUMENTÁRIA,HUMANAS,ARTES,ARTES CÊNICAS,ARTES CÊNICAS
ARTES DO CORPO EM CENA,HUMANAS,ARTES,ARTES,ARTES CÊNICAS
ARTES DO ESPETÁCULO,HUMANAS,ARTES,ARTES,ARTES CÊNICAS
INTERDISCIPLINAR EM ARTES E SUAS TECNOLOGIAS,EXATAS,ARTES,INTERDISCIPLINAR,ARTES E SUAS TECNOLOGIAS
ARTES PLÁSTICAS,HUMANAS,ARTES,ARTES,ARTES PLÁSTICAS
ABI - ARTES VISUAIS,HUMANAS,ARTES,ARTES VISUAIS,ARTES VISUAIS
ARTES VISUAIS,HUMANAS,ARTES,ARTES VISUAIS,ARTES VISUAIS
ARTES VISUAIS - ESCULTURA,HUMANAS,ARTES,ARTES VISUAIS,ARTES VISUAIS
ARTES VISUAIS - GRAVURA,HUMANAS,ARTES,ARTES VISUAIS,ARTES VISUAIS
ASTRONOMIA,HUMANAS,ASTRONOMIA,DANÇA,ASTRONOMIA
AUDIOVISUAL,HUMANAS,ARTES,ARTES,AUDIOVISUAL
AUTOMAÇÃO INDUSTRIAL,EXATAS,COMPUTAÇÃO,AUTOMAÇÃO INDUSTRIAL,AUTOMAÇÃO INDUSTRIAL
BIBLIOTECONOMIA,HUMANAS,BIBLIOTECONOMIA,BIBLIOTECONOMIA,BIBLIOTECONOMIA
BIBLIOTECONOMIA E CIÊNCIA DA INFORMAÇÃO,HUMANAS,BIBLIOTECONOMIA,BIBLIOTECONOMIA,BIBLIOTECONOMIA
BIBLIOTECONOMIA E DOCUMENTAÇÃO,HUMANAS,BIBLIOTECONOMIA,BIBLIOTECONOMIA,BIBLIOTECONOMIA
BIBLIOTECONOMIA E GESTÃO DE UNIDADES DE INFORMAÇÃO,HUMANAS,BIBLIOTECONOMIA,BIBLIOTECONOMIA,BIBLIOTECONOMIA
BIG DATA NO AGRONEGÓCIO,EXATAS,AGRO,CIÊNCIA DE DADOS,SISTEMAS DE INFORMAÇÃO
BIOMEDICINA,BIOLÓGICAS,SAÚDE,BIOMEDICINA,BIOMEDICINA
BIOQUÍMICA,BIOLÓGICAS,SAÚDE,BIOQUÍMICA,BIOQUÍMICA
INTERDISCIPLINAR EM BIOSSISTEMAS,EXATAS,AMBIENTE,INTERDISCIPLINAR,BIOSSISTEMAS
BIOTECNOLOGIA,EXATAS,COMPUTAÇÃO,BIOTECNOLOGIA,BIOTECNOLOGIA
CAFEICULTURA,BIOLÓGICAS,AGRO,CAFEICULTURA,CAFEICULTURA
CENOGRAFIA E INDUMENTÁRIA,HUMANAS,ARTES,ARTES,CENOGRAFIA E INDUMENTÁRIA
INTERDISCIPLINAR EM CIÊNCIA E ECONOMIA - BI/LI,HUMANAS,ECONOMIA,INTERDISCIPLINAR,CIÊNCIA E ECONOMIA
INTERDISCIPLINAR EM CIÊNCIA E TECNOLOGIA,EXATAS,COMPUTAÇÃO,INTERDISCIPLINAR,CIÊNCIA E TECNOLOGIA
INTERDISCIPLINAR EM CIÊNCIA E TECNOLOGIA DO MAR - BI/LI,EXATAS,AMBIENTE,INTERDISCIPLINAR,CIÊNCIA E TECNOLOGIA
"INTERDISCIPLINAR EM CIÊNCIA, TECNOLOGIA E INOVAÇÃO",EXATAS,COMPUTAÇÃO,INTERDISCIPLINAR,CIÊNCIA E TECNOLOGIA
INTERDISCIPLINAR EM CIÊNCIAS DA NATUREZA E SUAS TECNOLOGIAS,EXATAS,AMBIENTE,INTERDISCIPLINAR,CIÊNCIA E TECNOLOGIA
INTERDISCIPLINAR EM CIÊNCIAS HUMANAS E SOCIAIS E SUAS TECNOLOGIAS,EXATAS,SOCIOLOGIA,INTERDISCIPLINAR,CIÊNCIA E TECNOLOGIA
"INTERDISCIPLINAR EM CULTURA, LINGUAGENS E TECNOLOGIAS APLICADAS",EXATAS,SOCIOLOGIA,INTERDISCIPLINAR,CIÊNCIA E TECNOLOGIA
"INTERDISCIPLINAR EM INOVAÇÃO, CIÊNCIA E TECNOLOGIA",EXATAS,COMPUTAÇÃO,INTERDISCIPLINAR,CIÊNCIA E TECNOLOGIA
INTERDISCIPLINAR EM LINGUAGENS E SUAS TECNOLOGIAS,EXATAS,COMPUTAÇÃO,INTERDISCIPLINAR,CIÊNCIA E TECNOLOGIA
CIÊNCIAS,BIOLÓGICAS,AMBIENTE,CIÊNCIAS,CIÊNCIAS
INTERDISCIPLINAR EM CIÊNCIAS,HUMANAS,AMBIENTE,INTERDISCIPLINAR,CIÊNCIAS
CIÊNCIAS AGRÁRIAS,BIOLÓGICAS,AGRO,CIÊNCIAS AGRÁRIAS,CIÊNCIAS AGRÁRIAS
CIÊNCIAS AGRÁRIAS E DO AMBIENTE,BIOLÓGICAS,AGRO,CIÊNCIAS AGRÁRIAS,CIÊNCIAS AGRÁRIAS
CIÊNCIAS AGRÍCOLAS,BIOLÓGICAS,AGRO,CIÊNCIAS AGRÁRIAS,CIÊNCIAS AGRÍCOLAS
CIÊNCIAS AMBIENTAIS,BIOLÓGICAS,AMBIENTE,CIÊNCIAS,CIÊNCIAS AMBIENTAIS
INTERDISCIPLINAR EM CIÊNCIAS AMBIENTAIS,BIOLÓGICAS,AMBIENTE,INTERDISCIPLINAR,CIÊNCIAS AMBIENTAIS
CIÊNCIA AMBIENTAL,BIOLÓGICAS,AMBIENTE,CIÊNCIA AMBIENTAL,CIÊNCIAS AMBIENTAIS
CIÊNCIAS ATMOSFÉRICAS,BIOLÓGICAS,AMBIENTE,CIÊNCIAS,CIÊNCIAS ATMOSFÉRICAS
CIÊNCIAS ATUARIAIS,BIOLÓGICAS,FINANÇAS,CIÊNCIAS,CIÊNCIAS ATUARIAIS
ABI - CIÊNCIAS BIOLÓGICAS,BIOLÓGICAS,BIOLOGIA,CIÊNCIAS BIOLÓGICAS ,CIÊNCIAS BIOLÓGICAS 
"ABI - CIÊNCIAS DA NATUREZA: CIÊNCIAS E BIOLOGIA, CIÊNCIAS E FÍSICA OU CIÊNCIAS E QUÍMICA",BIOLÓGICAS,BIOLOGIA,CIÊNCIAS BIOLÓGICAS ,CIÊNCIAS BIOLÓGICAS 
BIOLOGIA,BIOLÓGICAS,SAÚDE,CIÊNCIAS BIOLÓGICAS ,CIÊNCIAS BIOLÓGICAS 
CIÊNCIAS - QUÍMICA E BIOLOGIA,EXATAS,BIOLOGIA,CIÊNCIAS BIOLÓGICAS ,CIÊNCIAS BIOLÓGICAS 
CIÊNCIAS BIOLÓGICAS ,BIOLÓGICAS,BIOLOGIA,CIÊNCIAS BIOLÓGICAS ,CIÊNCIAS BIOLÓGICAS 
CIÊNCIAS BIOLÓGICAS - BIODIVERSIDADE E CONSERVAÇÃO,BIOLÓGICAS,BIOLOGIA,CIÊNCIAS BIOLÓGICAS ,CIÊNCIAS BIOLÓGICAS 
CIÊNCIAS BIOLÓGICAS - BIOLOGIA MARINHA,BIOLÓGICAS,BIOLOGIA,CIÊNCIAS BIOLÓGICAS ,CIÊNCIAS BIOLÓGICAS 
CIÊNCIAS BIOLÓGICAS - ECOLOGIA E BIODIVERSIDADE,BIOLÓGICAS,BIOLOGIA,CIÊNCIAS BIOLÓGICAS ,CIÊNCIAS BIOLÓGICAS 
CIÊNCIAS BIOLÓGICAS - ÊNFASE EM CIÊNCIAS AMBIENTAIS,BIOLÓGICAS,BIOLOGIA,CIÊNCIAS BIOLÓGICAS ,CIÊNCIAS BIOLÓGICAS 
CIÊNCIAS BIOLÓGICAS - LICENCIATURA OU BACHARELADO,BIOLÓGICAS,BIOLOGIA,CIÊNCIAS BIOLÓGICAS ,CIÊNCIAS BIOLÓGICAS 
CIÊNCIAS BIOLÓGICAS: BIOFÍSICA,EXATAS,BIOLOGIA,CIÊNCIAS BIOLÓGICAS ,CIÊNCIAS BIOLÓGICAS 
CIÊNCIAS BIOLÓGICAS: BIOTECNOLOGIA,EXATAS,BIOLOGIA,CIÊNCIAS BIOLÓGICAS ,CIÊNCIAS BIOLÓGICAS 
CIÊNCIAS BIOLÓGICAS: MICROBIOLOGIA E IMUNOLOGIA,BIOLÓGICAS,BIOLOGIA,CIÊNCIAS BIOLÓGICAS ,CIÊNCIAS BIOLÓGICAS 
CIÊNCIAS BIOLÓGICAS: MODALIDADE MÉDICA,BIOLÓGICAS,BIOLOGIA,CIÊNCIAS BIOLÓGICAS ,CIÊNCIAS BIOLÓGICAS 
"CIêNCIAS DA NATUREZA - BIOLOGIA, FíSICA E QUíMICA",EXATAS,AMBIENTE,CIÊNCIAS BIOLÓGICAS ,CIÊNCIAS BIOLÓGICAS 
CIÊNCIAS NATURAIS - BIOLOGIA,BIOLÓGICAS,BIOLOGIA,CIÊNCIAS BIOLÓGICAS ,CIÊNCIAS BIOLÓGICAS 
CIÊNCIAS CONTÁBEIS,EXATAS,CONTABILIDADE,CIÊNCIAS,CIÊNCIAS CONTÁBEIS
ABI - CIÊNCIA DA COMPUTAÇÃO,EXATAS,COMPUTAÇÃO,CIÊNCIA DA COMPUTAÇÃO,CIÊNCIAS DA COMPUTAÇÃO
CIÊNCIA DA COMPUTAÇÃO,EXATAS,COMPUTAÇÃO,CIÊNCIA DA COMPUTAÇÃO,CIÊNCIAS DA COMPUTAÇÃO
CIÊNCIA DA COMPUTAÇÃO E SISTEMAS DE INFORMAÇÃO,EXATAS,COMPUTAÇÃO,CIÊNCIA DA COMPUTAÇÃO,CIÊNCIAS DA COMPUTAÇÃO
CIÊNCIAS DA COMPUTAÇÃO,EXATAS,COMPUTAÇÃO,CIÊNCIA DA COMPUTAÇÃO,CIÊNCIAS DA COMPUTAÇÃO
CIÊNCIA DA INFORMAÇÃO,EXATAS,COMPUTAÇÃO,SISTEMAS DE INFORMAÇÃO,SISTEMAS DE INFORMAÇÃO
CIÊNCIAS DA NATUREZA,BIOLÓGICAS,AMBIENTE,CIÊNCIAS,CIÊNCIAS DA NATUREZA
INTERDISCIPLINAR EM EDUCAÇÃO DO CAMPO: CIÊNCIAS DA NATUREZA,HUMANAS,AMBIENTE,INTERDISCIPLINAR,CIÊNCIAS DA NATUREZA
INTERDISCIPLINAR EM EDUCAÇÃO NO CAMPO,HUMANAS,AMBIENTE,INTERDISCIPLINAR,CIÊNCIAS DA NATUREZA
CIÊNCIAS DA RELIGIÃO,HUMANAS,RELIGIÃO,CIÊNCIAS,CIÊNCIAS DAS RELIGIÕES
CIÊNCIAS DAS RELIGIÕES,HUMANAS,RELIGIÃO,CIÊNCIAS,CIÊNCIAS DAS RELIGIÕES
CIÊNCIA DE DADOS,EXATAS,COMPUTAÇÃO,CIÊNCIAS DE DADOS,CIÊNCIAS DE DADOS
CIÊNCIA DE DADOS E INTELIGÊNCIA ARTIFICIAL,EXATAS,COMPUTAÇÃO,CIÊNCIAS DE DADOS,CIÊNCIAS DE DADOS
CIÊNCIA DE DADOS PARA NEGÓCIOS,EXATAS,COMPUTAÇÃO,CIÊNCIAS DE DADOS,CIÊNCIAS DE DADOS
CIÊNCIA DOS DADOS,EXATAS,COMPUTAÇÃO,CIÊNCIAS DE DADOS,CIÊNCIAS DE DADOS
ESTATÍSTICA E CIÊNCIA DE DADOS,EXATAS,COMPUTAÇÃO,CIÊNCIA DE DADOS,CIÊNCIAS DE DADOS
CIÊNCIAS DO CONSUMO,HUMANAS,FINANÇAS,CIÊNCIAS,CIÊNCIAS DO CONSUMO
CIÊNCIAS DO ESTADO,HUMANAS,POLÍTICA,CIÊNCIAS,CIÊNCIAS DO ESTADO
INTERDISCIPLINAR EM CIÊNCIAS E HUMANIDADES,HUMANAS,SOCIOLOGIA,INTERDISCIPLINAR,CIÊNCIAS E HUMANIDADES
CIÊNCIA E TECNOLOGIA,EXATAS,COMPUTAÇÃO,SISTEMAS DE INFORMAÇÃO,CIÊNCIAS E TECNOLOGIA
CIÊNCIA E TECNOLOGIA DE ALIMENTOS,EXATAS,COMPUTAÇÃO,CIÊNCIA E TECNOLOGIA DE ALIMENTOS,CIÊNCIAS E TECNOLOGIA
CIÊNCIA E TECNOLOGIA DE LATICÍNIOS,EXATAS,COMPUTAÇÃO,CIÊNCIA E TECNOLOGIA DE LATICÍNIOS,CIÊNCIAS E TECNOLOGIA
CIÊNCIA ECONÔMICA,HUMANAS,ECONOMIA,ECONÔMIA,CIÊNCIAS ECONÔMICA
CIÊNCIAS ECONÔMICAS,HUMANAS,ECONOMIA,CIÊNCIAS ECONÔMICAS,CIÊNCIAS ECONÔMICAS
"CIÊNCIAS ECONÔMICAS - ECONOMIA, INTEGRAÇÃO E DESENVOLVIMENTO",HUMANAS,ECONOMIA,CIÊNCIAS ECONÔMICAS,CIÊNCIAS ECONÔMICAS
ABI - CIÊNCIAS EXATAS,EXATAS,FÍSICA,CIÊNCIAS EXATAS,CIÊNCIAS EXATAS
CIÊNCIAS EXATAS,EXATAS,FÍSICA,CIÊNCIAS EXATAS,CIÊNCIAS EXATAS
CIÊNCIAS EXATAS - BI/LI,EXATAS,FÍSICA,CIÊNCIAS EXATAS,CIÊNCIAS EXATAS
CIÊNCIAS EXATAS E TECNOLÓGICAS - BI/LI,EXATAS,COMPUTAÇÃO,CIÊNCIAS EXATAS,CIÊNCIAS EXATAS
CIÊNCIAS HUMANAS,HUMANAS,SOCIOLOGIA,CIÊNCIAS,CIÊNCIAS HUMANAS
CIÊNCIAS HUMANAS - GEOGRAFIA,HUMANAS,GEOGRAFIA,GEOGRAFIA,CIÊNCIAS HUMANAS
CIÊNCIAS HUMANAS - SOCIOLOGIA,HUMANAS,SOCIOLOGIA,CIENCIAS SOCIAIS,CIÊNCIAS HUMANAS
INTERDISCIPLINAR EM CIÊNCIAS HUMANAS - BI/LI,HUMANAS,SOCIOLOGIA,INTERDISCIPLINAR,CIÊNCIAS HUMANAS
CIÊNCIAS IMOBILIÁRIAS,HUMANAS,FINANÇAS,CIÊNCIAS,CIÊNCIAS IMOBILIÁRIAS
CIÊNCIAS JURÍDICAS E SOCIAIS,HUMANAS,DIREITO,CIÊNCIAS,CIÊNCIAS JURÍDICAS E SOCIAIS
CIÊNCIAS NATURAIS,BIOLÓGICAS,AMBIENTE,CIÊNCIAS,CIÊNCIAS NATURAIS
INTERDISCIPLINAR EM CIÊNCIAS NATURAIS,BIOLÓGICAS,AMBIENTE,INTERDISCIPLINAR,CIÊNCIAS NATURAIS
INTERDISCIPLINAR EM CIÊNCIAS NATURAIS E EXATAS,EXATAS,AMBIENTE,INTERDISCIPLINAR,CIÊNCIAS NATURAIS
CIêNCIAS NATURAIS - FíSICA,EXATAS,FÍSICA,CIÊNCIAS,CIêNCIAS NATURAIS
CIÊNCIAS NATURAIS: HABILITAÇÃO EM FÍSICA,EXATAS,FÍSICA,CIÊNCIAS,CIÊNCIAS NATURAIS
CIÊNCIAS NATURAIS: HABILITAÇÃO EM QUÍMICA,EXATAS,QUÍMICA,CIÊNCIAS,CIÊNCIAS NATURAIS
CIÊNCIA POLÍTICA,HUMANAS,POLÍTICA,CIÊNCIAS POLÍTICA,CIÊNCIAS POLÍTICA
"CIÊNCIA POLÍTICA E SOCIOLOGIA - SOCIEDADE, ESTADO E POLÍTICA NA AMÉRICA LATINA",HUMANAS,POLÍTICA,CIÊNCIAS POLÍTICA,CIÊNCIAS POLÍTICA
SOCIOLOGIA,HUMANAS,SOCIOLOGIA,CIENCIAS SOCIAIS,CIÊNCIAS SOCIAIS
ABI - CIÊNCIAS SOCIAIS,HUMANAS,SOCIOLOGIA,CIENCIAS SOCIAIS,CIÊNCIAS SOCIAIS
CIÊNCIAS SOCIAIS,HUMANAS,SOCIOLOGIA,CIENCIAS SOCIAIS,CIÊNCIAS SOCIAIS
CIÊNCIAS SOCIAIS - CIÊNCIA POLÍTICA,HUMANAS,SOCIOLOGIA,CIENCIAS SOCIAIS,CIÊNCIAS SOCIAIS
CIÊNCIAS SOCIAIS - LICENCIATURA OU BACHARELADO,HUMANAS,SOCIOLOGIA,CIENCIAS SOCIAIS,CIÊNCIAS SOCIAIS
CIêNCIAS SOCIAIS - POLíTICAS PúBLICAS,HUMANAS,POLÍTICA,CIENCIAS SOCIAIS,CIÊNCIAS SOCIAIS
CIÊNCIAS SOCIOAMBIENTAIS,HUMANAS,AMBIENTE,CIENCIAS SOCIAIS,CIÊNCIAS SOCIAIS
CINEMA,HUMANAS,ARTES,ARTES,CINEMA
CINEMA DE ANIMAÇÃO,HUMANAS,ARTES,ARTES,CINEMA
CINEMA E ANIMAÇÃO,HUMANAS,ARTES,ARTES,CINEMA
CINEMA E AUDIOVISUAL,HUMANAS,ARTES,ARTES,CINEMA
COMÉRCIO EXTERIOR,HUMANAS,ADMINISTRAÇÃO,ADMINISTRAÇÃO,COMÉRCIO EXTERIOR
COMPUTAÇÃO,EXATAS,COMPUTAÇÃO,COMPUTAÇÃO,COMPUTAÇÃO
COMPUTAÇÃO E INFORMÁTICA,EXATAS,COMPUTAÇÃO,COMPUTAÇÃO E INFORMÁTICA,COMPUTAÇÃO
COMUNICAÇÃO - PRODUÇÃO EM COMUNICAÇÃO E CULTURA,HUMANAS,COMUNICAÇÃO,COMUNICAÇÃO,COMUNICAÇÃO
COMUNICAÇÃO E MULTIMEIOS,HUMANAS,COMUNICAÇÃO,COMUNICAÇÃO,COMUNICAÇÃO
COMUNICAÇÃO EM MÍDIAS DIGITAIS,HUMANAS,COMUNICAÇÃO,COMUNICAÇÃO,COMUNICAÇÃO
COMUNICAÇÃO INSTITUCIONAL,HUMANAS,COMUNICAÇÃO,COMUNICAÇÃO,COMUNICAÇÃO
COMUNICAçãO ORGANIZACIONAL,HUMANAS,COMUNICAÇÃO,COMUNICAÇÃO,COMUNICAÇÃO
COMUNICAÇÃO SOCIAL,HUMANAS,COMUNICAÇÃO,COMUNICAÇÃO SOCIAL,COMUNICAÇÃO
COMUNICAÇÃO SOCIAL  - RADIALISMO,HUMANAS,COMUNICAÇÃO,COMUNICAÇÃO SOCIAL,COMUNICAÇÃO
COMUNICAÇÃO SOCIAL - AUDIOVISUAL,HUMANAS,COMUNICAÇÃO,COMUNICAÇÃO SOCIAL,COMUNICAÇÃO
COMUNICAÇÃO SOCIAL - JORNALISMO,HUMANAS,COMUNICAÇÃO,COMUNICAÇÃO SOCIAL,COMUNICAÇÃO
COMUNICAÇÃO SOCIAL - PRODUÇÃO EDITORIAL,EXATAS,COMUNICAÇÃO,COMUNICAÇÃO SOCIAL,COMUNICAÇÃO
COMUNICAÇÃO SOCIAL - PUBLICIDADE E PROPAGANDA,HUMANAS,COMUNICAÇÃO,COMUNICAÇÃO SOCIAL,COMUNICAÇÃO
COMUNICAÇÃO SOCIAL - RÁDIO E TELEVISÃO,HUMANAS,COMUNICAÇÃO,COMUNICAÇÃO SOCIAL,COMUNICAÇÃO
"COMUNICAÇÃO SOCIAL - RÁDIO, TV E INTERNET",HUMANAS,COMUNICAÇÃO,COMUNICAÇÃO SOCIAL,COMUNICAÇÃO
COMUNICAÇÃO SOCIAL - RELAÇÕES PÚBLICAS,HUMANAS,COMUNICAÇÃO,COMUNICAÇÃO SOCIAL,COMUNICAÇÃO
COMUNICAÇÃO VISUAL DESIGN,HUMANAS,COMUNICAÇÃO,COMUNICAÇÃO,COMUNICAÇÃO
LINGUAGEM E COMUNICAÇÃO,HUMANAS,COMUNICAÇÃO,COMUNICAÇÃO,COMUNICAÇÃO
CONSERVAÇÃO E RESTAURAÇÃO,HUMANAS,CONSERVAÇÃO,CONSERVAÇÃO,CONSERVAÇÃO
CONSERVAÇÃO E RESTAURAÇÃO DE BENS CULTURAIS MÓVEIS,HUMANAS,CONSERVAÇÃO,CONSERVAÇÃO,CONSERVAÇÃO
CONSERVAÇÃO E RESTAURO,HUMANAS,CONSERVAÇÃO,CONSERVAÇÃO,CONSERVAÇÃO
CONTROLADORIA E FINANÇAS,HUMANAS,FINANÇAS,CONTROLADORIA E FINANÇAS,FINANÇAS
COOPERATIVISMO,HUMANAS,ECONOMIA,COOPERATIVISMO,COOPERATIVISMO
ABI - DANÇA,HUMANAS,ARTES,DANÇA,DANÇA
DANÇA,HUMANAS,ARTES,DANÇA,DANÇA
TEORIA DA DANÇA,HUMANAS,ARTES,DANÇA,DANÇA
DECORAÇÃO,HUMANAS,ARTES,DANÇA,DECORAÇÃO
DEFESA E GESTÃO ESTRATÉGICA INTERNACIONAL,HUMANAS,ADMINISTRAÇÃO,ADMINISTRAÇÃO,ESTRATÉGIA
DESENHO E PLÁSTICA,HUMANAS,ARTES,DANÇA,DESENHO
DESENHO INDUSTRIAL,EXATAS,ARTES,ARTES,DESENHO
DESENVOLVIMENTO REGIONAL,HUMANAS,POLÍTICA,DESENVOLVIMENTO REGIONAL,DESENVOLVIMENTO REGIONAL
DESENVOLVIMENTO RURAL E SEGURANçA ALIMENTAR,HUMANAS,POLÍTICA,DESENVOLVIMENTO RURAL E SEGURANçA ALIMENTAR,DESENVOLVIMENTO REGIONAL
DESIGN,HUMANAS,ARTES,DESIGN,DESIGN
DESIGN - MODA,HUMANAS,ARTES,DESIGN,DESIGN
DESIGN DE AMBIENTES,HUMANAS,ARTES,DESIGN,DESIGN
DESIGN DE INTERIORES,HUMANAS,ARTES,DESIGN,DESIGN
DESIGN DE JOGOS,EXATAS,ARTES,DESIGN,DESIGN
DESIGN DE MODA,HUMANAS,ARTES,DESIGN,DESIGN
DESIGN DE PRODUTO,EXATAS,ARTES,DESIGN,DESIGN
DESIGN DIGITAL,EXATAS,ARTES,DESIGN,DESIGN
DESIGN EDUCACIONAL,EXATAS,ARTES,DESIGN,DESIGN
DESIGN GRÁFICO,EXATAS,ARTES,DESIGN,DESIGN
DESIGN INDUSTRIAL,EXATAS,ARTES,DESIGN,DESIGN
DESIGN VISUAL,EXATAS,ARTES,DESIGN,DESIGN
INTERDISCIPLINAR EM ARTES,HUMANAS,ARTES,INTERDISCIPLINAR,DESIGN
JOGOS DIGITAIS,EXATAS,ARTES,JOGOS DIGITAIS,DESIGN
MODA,HUMANAS,ARTES,MODA,DESIGN
"MODA, DESIGN E ESTILISMO",EXATAS,ARTES,MODA,DESIGN
DIREÇÃO DE ARTE,HUMANAS,ARTES,ARTES,DIREÇÃO DE ARTE
DIREITO,HUMANAS,DIREITO,DIREITO,DIREITO
ECOLOGIA,HUMANAS,AMBIENTE,ECOLOGIA,ECOLOGIA
ECOLOGIA E ANÁLISE AMBIENTAL,HUMANAS,AMBIENTE,ECOLOGIA,ECOLOGIA
ECONOMIA ECOLóGICA,HUMANAS,AMBIENTE,ECOLOGIA,ECOLOGIA
EDUCAÇÃO DO CAMPO,HUMANAS,AMBIENTE,EDUCAÇÃO DO CAMPO,ECOLOGIA
EDUCAÇÃO DO CAMPO - CIÊNCIAS DA NATUREZA,HUMANAS,AMBIENTE,CIÊNCIAS,ECOLOGIA
EDUCAÇÃO E PROCESSOS DE TRABALHO: ALIMENTAÇÃO ESCOLAR,EXATAS,SOCIOLOGIA,EDUCAÇÃO E PROCESSOS DE TRABALHO,EDUCAÇÃO E PROCESSOS DE TRABALHO
EDUCAÇÃO E PROCESSOS DE TRABALHO: SECRETARIA ESCOLAR,EXATAS,SOCIOLOGIA,EDUCAÇÃO E PROCESSOS DE TRABALHO,EDUCAÇÃO E PROCESSOS DE TRABALHO
EDUCAÇÃO ESPECIAL,HUMANAS,SOCIOLOGIA,EDUCAÇÃO ESPECIAL,EDUCAÇÃO ESPECIAL
ABI - EDUCAÇÃO FÍSICA,BIOLÓGICAS,SAÚDE,EDUCAÇÃO FÍSICA,EDUCAÇÃO FÍSICA
EDUCAÇÃO FÍSICA,BIOLÓGICAS,SAÚDE,EDUCAÇÃO FÍSICA,EDUCAÇÃO FÍSICA
EDUCAÇÃO INFANTIL,HUMANAS,SOCIOLOGIA,EDUCAÇÃO INFANTIL,EDUCAÇÃO INFANTIL
ELETROMECÂNICA,EXATAS,ELETROMECÂNICA,ELETROMECÂNICA,ELETROMECÂNICA
ELETRÔNICA INDUSTRIAL,EXATAS,ELETRÔNICA,ELETRÔNICA INDUSTRIAL,ELETRÔNICA
INTERDISCIPLINAR EM ENERGIA E SUSTENTABILIDADE,EXATAS,AMBIENTE,INTERDISCIPLINAR,ENERGIAS
ENERGIAS RENOVÁVEIS,EXATAS,AMBIENTE,ENERGIAS RENOVÁVEIS,ENERGIAS
ABI - ENFERMAGEM,BIOLÓGICAS,SAÚDE,ENFERMAGEM,ENFERMAGEM
ENFERMAGEM,BIOLÓGICAS,SAÚDE,ENFERMAGEM,ENFERMAGEM
ENFERMAGEM E OBSTETRÍCIA,BIOLÓGICAS,SAÚDE,ENFERMAGEM,ENFERMAGEM
ABI - FÍSICA/ENGENHARIA FÍSICA,EXATAS,FÍSICA,ENGENHARIA FÍSICA,ENGENHARIA
ENGENHARIA,EXATAS,ENGENHARIA,ENGENHARIA,ENGENHARIA
ENGENHARIA ACÚSTICA,EXATAS,ACÚSTICA,ENGENHARIA ACÚSTICA,ENGENHARIA
ENGENHARIA AEROESPACIAL,EXATAS,AERO,ENGENHARIA AEROESPACIAL,ENGENHARIA
ENGENHARIA AERONÁUTICA,EXATAS,AERO,ENGENHARIA AERONÁUTICA,ENGENHARIA
ENGENHARIA AGRÍCOLA,EXATAS,AGRO,ENGENHARIA AGRÍCOLA,ENGENHARIA
ENGENHARIA AGRÍCOLA E AMBIENTAL,EXATAS,AGRO,ENGENHARIA AGRÍCOLA,ENGENHARIA
ENGENHARIA AGROINDUSTRIAL,EXATAS,AGRO,ENGENHARIA AGROINDUSTRIAL,ENGENHARIA
ENGENHARIA AGROINDUSTRIAL AGROQUÍMICA,EXATAS,AGRO,ENGENHARIA AGROINDUSTRIAL,ENGENHARIA
ENGENHARIA AGROINDUSTRIAL INDÚSTRIAS ALIMENTÍCIAS,EXATAS,AGRO,ENGENHARIA AGROINDUSTRIAL,ENGENHARIA
ENGENHARIA AGRONÔMICA,EXATAS,AGRO,ENGENHARIA AGRONÔMICA,ENGENHARIA
ENGENHARIA AMBIENTAL,EXATAS,AMBIENTE,ENGENHARIA AMBIENTAL,ENGENHARIA
ENGENHARIA AMBIENTAL E DA SUSTENTABILIDADE,EXATAS,AMBIENTE,ENGENHARIA AMBIENTAL,ENGENHARIA
ENGENHARIA AMBIENTAL E ENERGIAS RENOVÁVEIS,EXATAS,AMBIENTE,ENGENHARIA AMBIENTAL,ENGENHARIA
ENGENHARIA AMBIENTAL E SANITÁRIA,EXATAS,AMBIENTE,ENGENHARIA AMBIENTAL,ENGENHARIA
ENGENHARIA AUTOMOTIVA,EXATAS,PRODUÇÃO,ENGENHARIA AUTOMOTIVA,ENGENHARIA
ENGENHARIA BIOMÉDICA,EXATAS,SAÚDE,ENGENHARIA BIOMÉDICA,ENGENHARIA
ENGENHARIA BIOQUÍMICA,EXATAS,SAÚDE,ENGENHARIA BIOQUÍMICA,ENGENHARIA
ENGENHARIA CARTOGRÁFICA E DE AGRIMENSURA,EXATAS,AGRIMENSURA,ENGENHARIA DE AGRIMENSURA,ENGENHARIA
ENGENHARIA CIVIL,EXATAS,CIVIL,ENGENHARIA CIVIL,ENGENHARIA
ENGENHARIA CIVIL COSTEIRA E PORTUÁRIA,EXATAS,CIVIL,ENGENHARIA CIVIL,ENGENHARIA
ENGENHARIA CIVIL DA MOBILIDADE,EXATAS,CIVIL,ENGENHARIA CIVIL,ENGENHARIA
ENGENHARIA CIVIL DE INFRAESTRUTURA,EXATAS,CIVIL,ENGENHARIA CIVIL,ENGENHARIA
ENGENHARIA CIVIL EMPRESARIAL,EXATAS,CIVIL,ENGENHARIA CIVIL,ENGENHARIA
ENGENHARIA COMPUTACIONAL,EXATAS,COMPUTAÇÃO,ENGENHARIA DA COMPUTAÇÃO,ENGENHARIA
ENGENHARIA DA COMPUTAÇÃO,EXATAS,COMPUTAÇÃO,ENGENHARIA DA COMPUTAÇÃO,ENGENHARIA
ENGENHARIA DA MOBILIDADE,EXATAS,POLÍTICA,ENGENHARIA DA MOBILIDADE,ENGENHARIA
ENGENHARIA DE AGRIMENSURA E CARTOGRÁFICA,EXATAS,AGRIMENSURA,ENGENHARIA DE AGRIMENSURA,ENGENHARIA
ENGENHARIA DE AGRONEGÓCIOS,EXATAS,AGRO,ENGENHARIA DE AGRONEGÓCIOS,ENGENHARIA
ENGENHARIA DE ALIMENTOS,EXATAS,AGRO,ENGENHARIA DE ALIMENTOS,ENGENHARIA
ENGENHARIA DE AQUICULTURA,EXATAS,AGRO,ENGENHARIA DE AQUICULTURA,ENGENHARIA
ENGENHARIA DE AUTOMAÇÃO,EXATAS,COMPUTAÇÃO,ENGENHARIA DE AUTOMAÇÃO,ENGENHARIA
ENGENHARIA DE AUTOMAÇÃO INDUSTRIAL,EXATAS,COMPUTAÇÃO,ENGENHARIA DE AUTOMAÇÃO,ENGENHARIA
ENGENHARIA DE BIOPROCESSOS,EXATAS,COMPUTAÇÃO,ENGENHARIA DE BIOPROCESSOS,ENGENHARIA
ENGENHARIA DE BIOPROCESSOS E BIOTECNOLOGIA,EXATAS,COMPUTAÇÃO,ENGENHARIA DE BIOPROCESSOS,ENGENHARIA
ENGENHARIA DE BIOSSISTEMAS,EXATAS,AMBIENTE,ENGENHARIA DE BIOSSISTEMAS,ENGENHARIA
ENGENHARIA DE BIOTECNOLOGIA,EXATAS,COMPUTAÇÃO,ENGENHARIA DE BIOTECNOLOGIA,ENGENHARIA
ENGENHARIA DE BIOTECNOLOGIA E BIOPROCESSOS,EXATAS,COMPUTAÇÃO,ENGENHARIA DE BIOTECNOLOGIA,ENGENHARIA
ENGENHARIA DE COMPUTAÇÃO,EXATAS,COMPUTAÇÃO,ENGENHARIA DA COMPUTAÇÃO,ENGENHARIA
ENGENHARIA DE COMPUTAÇÃO E INFORMAÇÃO,EXATAS,COMPUTAÇÃO,ENGENHARIA DA COMPUTAÇÃO,ENGENHARIA
ENGENHARIA DE CONTROLE E AUTOMAÇÃO,EXATAS,COMPUTAÇÃO,ENGENHARIA DE AUTOMAÇÃO,ENGENHARIA
ENGENHARIA DE CONTROLE E AUTOMAÇÃO DE PROCESSOS,EXATAS,COMPUTAÇÃO,ENGENHARIA DE AUTOMAÇÃO,ENGENHARIA
ENGENHARIA DE ENERGIA,EXATAS,PRODUÇÃO,ENGENHARIA DE ENERGIA,ENGENHARIA
ENGENHARIA DE ENERGIAS,EXATAS,PRODUÇÃO,ENGENHARIA DE ENERGIAS,ENGENHARIA
ENGENHARIA DE ENERGIAS RENOVÁVEIS,EXATAS,PRODUÇÃO,ENGENHARIA DE ENERGIA,ENGENHARIA
ENGENHARIA DE GESTÃO DE ENERGIA,EXATAS,PRODUÇÃO,ENGENHARIA DE ENERGIA,ENGENHARIA
ENGENHARIA DE MATERIAIS,EXATAS,PRODUÇÃO,ENGENHARIA DE MATERIAIS,ENGENHARIA
ENGENHARIA DE MECATRÔNICA,EXATAS,MECATRÔNICA,ENGENHARIA MECATRÔNICA,ENGENHARIA
ENGENHARIA DE MINAS,EXATAS,AMBIENTE,ENGENHARIA DE MINAS,ENGENHARIA
ENGENHARIA DE MINAS E MEIO AMBIENTE,EXATAS,AMBIENTE,ENGENHARIA DE MINAS,ENGENHARIA
ENGENHARIA DE PESCA,EXATAS,AMBIENTE,ENGENHARIA DE PESCA,ENGENHARIA
ENGENHARIA DE PETRÓLEO,EXATAS,AMBIENTE,ENGENHARIA DE PETRÓLEO,ENGENHARIA
ENGENHARIA DE PETRÓLEO E GÁS,EXATAS,AMBIENTE,ENGENHARIA DE PETRÓLEO,ENGENHARIA
ENGENHARIA DE PRODUÇÃO,EXATAS,PRODUÇÃO,ENGENHARIA DE PRODUÇÃO,ENGENHARIA
ENGENHARIA DE PRODUCAO - HABILITACAO MECANICA,EXATAS,PRODUÇÃO,ENGENHARIA DE PRODUÇÃO,ENGENHARIA
ENGENHARIA DE PRODUÇÃO AGROINDUSTRIAL,EXATAS,AGRO,ENGENHARIA DE PRODUÇÃO,ENGENHARIA
ENGENHARIA DE PRODUÇÃO CIVIL,EXATAS,PRODUÇÃO,ENGENHARIA DE PRODUÇÃO,ENGENHARIA
ENGENHARIA DE PRODUÇÃO E SISTEMAS,EXATAS,PRODUÇÃO,ENGENHARIA DE PRODUÇÃO,ENGENHARIA
ENGENHARIA DE PRODUÇÃO MECÂNICA,EXATAS,PRODUÇÃO,ENGENHARIA DE PRODUÇÃO,ENGENHARIA
ENGENHARIA DE RECURSOS HÍDRICOS E DO MEIO AMBIENTE,EXATAS,AMBIENTE,ENGENHARIA AMBIENTAL,ENGENHARIA
ENGENHARIA DE SAÚDE E SEGURANÇA,EXATAS,SAÚDE,ENGENHARIA DE SAÚDE E SEGURANÇA,ENGENHARIA
ENGENHARIA DE SERVIÇOS,EXATAS,SERVIÇOS,ENGENHARIA DE SERVIÇOS,ENGENHARIA
ENGENHARIA DE SISTEMAS,EXATAS,COMPUTAÇÃO,ENGENHARIA DE SISTEMAS,ENGENHARIA
ENGENHARIA DE SOFTWARE,EXATAS,COMPUTAÇÃO,ENGENHARIA DE SOFTWARE,ENGENHARIA
ENGENHARIA DE TECNOLOGIA ASSISTIVA E ACESSIBILIDADE,EXATAS,COMPUTAÇÃO,ENGENHARIA DE TECNOLOGIA ASSISTIVA E ACESSIBILIDADE,ENGENHARIA
ENGENHARIA DE TELECOMUNICAÇÕES,EXATAS,COMPUTAÇÃO,ENGENHARIA DE TELECOMUNICAÇÕES,ENGENHARIA
ENGENHARIA DE TRANSPORTE E LOGíSTICA,EXATAS,POLÍTICA,ENGENHARIA DE TRANSPORTES,ENGENHARIA
ENGENHARIA DE TRANSPORTES,EXATAS,TRANSPORTES,ENGENHARIA DE TRANSPORTES,ENGENHARIA
ENGENHARIA DE TRANSPORTES E LOGíSTICA,EXATAS,TRANSPORTES,ENGENHARIA DE TRANSPORTES,ENGENHARIA
ENGENHARIA ELÉTRICA,EXATAS,ELÉTRICA,ENGENHARIA ELÉTRICA,ENGENHARIA
ENGENHARIA ELÉTRICA - ELETRÔNICA,EXATAS,ELÉTRICA,ENGENHARIA ELÉTRICA,ENGENHARIA
ENGENHARIA ELÉTRICA - ELETROTÉCNICA,EXATAS,ELÉTRICA,ENGENHARIA ELÉTRICA,ENGENHARIA
ENGENHARIA ELÉTRICA - ENERGIA,EXATAS,ELÉTRICA,ENGENHARIA ELÉTRICA,ENGENHARIA
ENGENHARIA ELÉTRICA - ROBÓTICA E AUTOMAÇÃO INDUSTRIAL,EXATAS,ELÉTRICA,ENGENHARIA ELÉTRICA,ENGENHARIA
ENGENHARIA ELÉTRICA - SISTEMAS DE POTÊNCIA,EXATAS,ELÉTRICA,ENGENHARIA ELÉTRICA,ENGENHARIA
ENGENHARIA ELÉTRICA - SISTEMAS ELETRÔNICOS,EXATAS,ELÉTRICA,ENGENHARIA ELÉTRICA,ENGENHARIA
ENGENHARIA ELÉTRICA - TELECOMUNICAÇÕES,EXATAS,ELÉTRICA,ENGENHARIA ELÉTRICA,ENGENHARIA
ENGENHARIA ELETRÔNICA,EXATAS,ELETRÔNICA,ENGENHARIA ELETRÔNICA,ENGENHARIA
ENGENHARIA ELETRÔNICA E DE COMPUTAÇÃO,EXATAS,COMPUTAÇÃO,ENGENHARIA DA COMPUTAÇÃO,ENGENHARIA
ENGENHARIA ELETRÔNICA E DE TELECOMUNICAÇÕES,EXATAS,ELETRÔNICA,ENGENHARIA ELETRÔNICA,ENGENHARIA
ENGENHARIA FERROVIÁRIA E METROVIÁRIA,EXATAS,TRANSPORTES,ENGENHARIA DE TRANSPORTES,ENGENHARIA
ENGENHARIA FÍSICA,EXATAS,FÍSICA,ENGENHARIA FÍSICA,ENGENHARIA
ENGENHARIA FLORESTAL,EXATAS,AMBIENTE,ENGENHARIA FLORESTAL,ENGENHARIA
ENGENHARIA GEOLÓGICA,EXATAS,AMBIENTE,ENGENHARIA GEOLÓGICA,ENGENHARIA
ENGENHARIA HÍDRICA,EXATAS,AMBIENTE,ENGENHARIA HÍDRICA,ENGENHARIA
ENGENHARIA INDUSTRIAL ELÉTRICA,EXATAS,ELÉTRICA,ENGENHARIA ELÉTRICA,ENGENHARIA
ENGENHARIA INDUSTRIAL MADEIREIRA,EXATAS,PRODUÇÃO,ENGENHARIA MADEIREIRA,ENGENHARIA
ENGENHARIA INDUSTRIAL MECÂNICA,EXATAS,MECÂNICA,ENGENHARIA MECÂNICA,ENGENHARIA
ENGENHARIA MATEMÁTICA,EXATAS,MATEMÁTICA,ENGENHARIA MATEMÁTICA,ENGENHARIA
ENGENHARIA MECÂNICA,EXATAS,MECÂNICA,ENGENHARIA MECÂNICA,ENGENHARIA
ENGENHARIA MECÂNICA AERONÁUTICA,EXATAS,MECÂNICA,ENGENHARIA MECÂNICA,ENGENHARIA
ENGENHARIA MECÂNICA EMPRESARIAL,EXATAS,MECÂNICA,ENGENHARIA MECÂNICA,ENGENHARIA
ENGENHARIA MECÂNICA NAVAL,EXATAS,MECÂNICA,ENGENHARIA MECÂNICA,ENGENHARIA
ENGENHARIA MECATRÔNICA,EXATAS,MECATRÔNICA,ENGENHARIA MECATRÔNICA,ENGENHARIA
ENGENHARIA METALÚRGICA,EXATAS,PRODUÇÃO,ENGENHARIA DE MATERIAIS,ENGENHARIA
ENGENHARIA METALÚRGICA E ENGENHARIA DE MATERIAIS,EXATAS,PRODUÇÃO,ENGENHARIA METALÚRGICA,ENGENHARIA
ENGENHARIA NAVAL,EXATAS,NAVAL,ENGENHARIA NAVAL,ENGENHARIA
ENGENHARIA NAVAL E OCEÂNICA,EXATAS,NAVAL,ENGENHARIA NAVAL,ENGENHARIA
ENGENHARIA NUCLEAR,EXATAS,NUCLEAR,ENGENHARIA NUCLEAR,ENGENHARIA
ENGENHARIA QUÍMICA,EXATAS,QUÍMICA,ENGENHARIA QUÍMICA,ENGENHARIA
ENGENHARIA SANITARIA E AMBIENTAL,EXATAS,AMBIENTE,ENGENHARIA AMBIENTAL,ENGENHARIA
ENGENHARIA SANITÁRIA E AMBIENTAL,EXATAS,AMBIENTE,ENGENHARIA AMBIENTAL,ENGENHARIA
ENGENHARIA TÊXTIL,EXATAS,PRODUÇÃO,ENGENHARIA TÊXTIL,ENGENHARIA
ENGENHARIA URBANA,EXATAS,POLÍTICA,ENGENHARIA URBANA,ENGENHARIA
INTELIGÊNCIA ARTIFICIAL E ENGENHARIA DE SOFTWARE,EXATAS,COMPUTAÇÃO,ENGENHARIA DE SOFTWARE,ENGENHARIA
ENOLOGIA,HUMANAS,ENOLOGIA,ENOLOGIA,ENOLOGIA
ESCRITA CRIATIVA,HUMANAS,ARTES,ARTES,ESCRITA CRIATIVA
ESTATÍSTICA,EXATAS,ESTATÍSTICA,ESTATÍSTICA,ESTATÍSTICA
ESTÉTICA E COSMÉTICA,HUMANAS,ARTES,TEATRO,ESTÉTICA
ESTÉTICA E TEORIA DO TEATRO,HUMANAS,ARTES,ESTÉTICA E TEORIA DO TEATRO,ESTÉTICA
ESTRADAS,HUMANAS,POLÍTICA,ESTRADAS,ESTRADAS
ESTUDO DE GÊNERO E DIVERSIDADE,HUMANAS,SOCIOLOGIA,ESTUDO DE GÊNERO E DIVERSIDADE,ESTUDO DE GÊNERO E DIVERSIDADE
INTERDISCIPLINAR EM ESTUDOS AFRICANOS E AFRO-BRASILEIROS,HUMANAS,SOCIOLOGIA,INTERDISCIPLINAR,ESTUDOS AFRICANOS E AFRO-BRASILEIROS
ESTUDOS DE MÍDIA,HUMANAS,ARTES,ESTUDOS DE MÍDIA,ESTUDOS DE MÍDIA
EVENTOS,HUMANAS,ARTES,EVENTOS,EVENTOS
EXPRESSÃO GRÁFICA,HUMANAS,ARTES,EXPRESSÃO GRÁFICA,EXPRESSÃO GRÁFICA
FABRICAÇÃO MECÂNICA,EXATAS,MECÂNICA,FABRICAÇÃO MECÂNICA,FABRICAÇÃO MECÂNICA
FARMÁCIA,BIOLÓGICAS,SAÚDE,FARMÁCIA,FARMÁCIA
ABI - FILOSOFIA,HUMANAS,FILOSOFIA,FILOSOFIA,FILOSOFIA
CIÊNCIAS HUMANAS - FILOSOFIA,HUMANAS,FILOSOFIA,FILOSOFIA,FILOSOFIA
FILOSOFIA,HUMANAS,FILOSOFIA,FILOSOFIA,FILOSOFIA
FINANÇAS,HUMANAS,FINANÇAS,FINANÇAS,FINANÇAS
ABI - FíSICA,EXATAS,FÍSICA,FÍSICA,FíSICA
FÍSICA,EXATAS,FÍSICA,FÍSICA,FÍSICA
FÍSICA DE MATERIAIS,EXATAS,FÍSICA,FÍSICA,FÍSICA DE MATERIAIS
FÍSICA MÉDICA,EXATAS,FÍSICA,FÍSICA,FÍSICA MÉDICA
FISIOTERAPIA,BIOLÓGICAS,SAÚDE,FISIOTERAPIA,FISIOTERAPIA
FONOAUDIOLOGIA,BIOLÓGICAS,SAÚDE,FONOAUDIOLOGIA,FONOAUDIOLOGIA
FRUTICULTURA,BIOLÓGICAS,AGRO,FRUTICULTURA,FRUTICULTURA
GASTRONOMIA,HUMANAS,SAÚDE,GASTRONOMIA,GASTRONOMIA
GEMOLOGIA,HUMANAS,AMBIENTE,GEMOLOGIA,GEMOLOGIA
GEOFISICA,EXATAS,FÍSICA,GEOFISICA,GEOFISICA
ABI - GEOGRAFIA,HUMANAS,GEOGRAFIA,GEOGRAFIA,GEOGRAFIA
GEOGRAFIA,HUMANAS,GEOGRAFIA,GEOGRAFIA,GEOGRAFIA
GEOGRAFIA - LICENCIATURA OU BACHARELADO,HUMANAS,GEOGRAFIA,GEOGRAFIA,GEOGRAFIA
GEOLOGIA,EXATAS,GEOLOGIA,GEOLOGIA,GEOLOGIA
GEOPROCESSAMENTO,EXATAS,COMPUTAÇÃO,GEOPROCESSAMENTO,GEOPROCESSAMENTO
GERONTOLOGIA,BIOLÓGICAS,SAÚDE,GERONTOLOGIA,GERONTOLOGIA
GESTÃO AMBIENTAL,HUMANAS,AMBIENTE,GESTÃO,GESTÃO AMBIENTAL
GESTÃO AMBIENTAL E SUSTENTABILIDADE,HUMANAS,AMBIENTE,GESTÃO,GESTÃO AMBIENTAL
GESTÃO COMERCIAL,HUMANAS,FINANÇAS,GESTÃO,GESTÃO COMERCIAL
GESTÃO DA INFORMAÇÃO,HUMANAS,COMPUTAÇÃO,GESTÃO,GESTÃO DA INFORMAÇÃO
GESTÃO DA PRODUÇÃO INDUSTRIAL,EXATAS,GESTÃO,GESTÃO,GESTÃO DA PRODUÇÃO INDUSTRIAL
GESTÃO DA QUALIDADE,HUMANAS,GESTÃO,GESTÃO,GESTÃO DA QUALIDADE
GESTÃO DA TECNOLOGIA DA INFORMAÇÃO,EXATAS,COMPUTAÇÃO,GESTÃO,GESTÃO DA TECNOLOGIA DA INFORMAÇÃO
GESTÃO DE AGRONEGÓCIOS,HUMANAS,AGRO,GESTÃO,GESTÃO DE AGRONEGÓCIOS
GESTÃO DE COOPERATIVAS,HUMANAS,GESTÃO,GESTÃO,GESTÃO DE COOPERATIVAS
GESTÃO DE DADOS,HUMANAS,COMPUTAÇÃO,GESTÃO,GESTÃO DE DADOS
GESTÃO DE EVENTOS,HUMANAS,GESTÃO,GESTÃO,GESTÃO DE EVENTOS
GESTÃO DE NEGÓCIOS IMOBILIÁRIOS,HUMANAS,FINANÇAS,GESTÃO,GESTÃO DE NEGÓCIOS IMOBILIÁRIOS
GESTÃO DE POLÍTICAS PÚBLICAS,HUMANAS,POLÍTICA,GESTÃO,GESTÃO DE POLÍTICAS PÚBLICAS
GESTÃO DE RECURSOS HUMANOS,HUMANAS,GESTÃO,GESTÃO,GESTÃO DE RECURSOS HUMANOS
GESTÃO DE SERVIÇOS DE SAÚDE,BIOLÓGICAS,SAÚDE,GESTÃO,GESTÃO DE SERVIÇOS DE SAÚDE
GESTÃO DE SERVIÇOS JURÍDICOS E NOTARIAIS,HUMANAS,DIREITO,GESTÃO,GESTÃO DE SERVIÇOS JURÍDICOS E NOTARIAIS
GESTÃO DE TURISMO,HUMANAS,GESTÃO,GESTÃO,GESTÃO DE TURISMO
GESTÃO DESPORTIVA E DE LAZER,HUMANAS,GESTÃO,GESTÃO,GESTÃO DESPORTIVA E DE LAZER
GESTÃO DO AGRONEGÓCIO,HUMANAS,AGRO,GESTÃO,GESTÃO DO AGRONEGÓCIO
Gestão e Análise Ambiental,HUMANAS,AMBIENTE,GESTÃO,GESTÃO E ANÁLISE AMBIENTAL
GESTÃO E EMPREENDEDORISMO,HUMANAS,ADMINISTRAÇÃO,ADMINISTRAÇÃO,GESTÃO E EMPREENDEDORISMO
GESTÃO EM SAÚDE,HUMANAS,SAÚDE,GESTÃO,GESTÃO EM SAÚDE
GESTÃO HOSPITALAR,HUMANAS,SAÚDE,GESTÃO,GESTÃO HOSPITALAR
GESTÃO PÚBLICA,HUMANAS,POLÍTICA,GESTÃO,GESTÃO PÚBLICA
GESTÃO PÚBLICA E SOCIAL,HUMANAS,POLÍTICA,GESTÃO,GESTÃO PÚBLICA
GESTÃO PÚBLICA PARA O DESENVOLVIMENTO ECONÔMICO E SOCIAL,HUMANAS,POLÍTICA,GESTÃO,GESTÃO PÚBLICA
ABI - HISTÓRIA,HUMANAS,HISTÓRIA,HISTÓRIA,HISTÓRIA
CIÊNCIAS HUMANAS - HISTÓRIA,HUMANAS,HISTÓRIA,HISTÓRIA,HISTÓRIA
HISTÓRIA,HUMANAS,HISTÓRIA,HISTÓRIA,HISTÓRIA
HISTóRIA - AMéRICA LATINA,HUMANAS,HISTÓRIA,HISTÓRIA,HISTÓRIA
HISTÓRIA - LICENCIATURA OU BACHARELADO,HUMANAS,HISTÓRIA,HISTÓRIA,HISTÓRIA
HISTóRIA - MEMóRIA E IMAGEM,HUMANAS,HISTÓRIA,HISTÓRIA,HISTÓRIA
HISTÓRIA DA ARTE,HUMANAS,ARTES,HISTÓRIA,HISTÓRIA
HOTELARIA,HUMANAS,SOCIOLOGIA,HOTELARIA,TURISMO
INTERDISCIPLINAR EM HUMANIDADES,HUMANAS,SOCIOLOGIA,INTERDISCIPLINAR,HUMANIDADES
HUMANIDADES - BI/LI,HUMANAS,SOCIOLOGIA,HUMANIDADES,HUMANIDADES
IMAGEM E SOM,HUMANAS,ARTES,IMAGEM E SOM,IMAGEM E SOM
INFORMÁTICA  ,EXATAS,COMPUTAÇÃO,INFORMÁTICA  ,INFORMÁTICA  
INFORMÁTICA BIOMÉDICA,EXATAS,COMPUTAÇÃO,INFORMÁTICA  ,INFORMÁTICA
INFORMÁTICA EM SAÚDE,EXATAS,COMPUTAÇÃO,INFORMÁTICA  ,INFORMÁTICA
INTELIGÊNCIA ARTIFICIAL,HUMANAS,COMPUTAÇÃO,INTELIGÊNCIA ARTIFICIAL,INTELIGÊNCIA ARTIFICIAL
INTERDISCIPLINAR EM TECNOLOGIA DA INFORMAÇÃO - BI/LI,EXATAS,COMPUTAÇÃO,INTERDISCIPLINAR,SISTEMAS DE INFORMAÇÃO
JORNALISMO,HUMANAS,JORNALISMO,JORNALISMO,JORNALISMO
JORNALISMO EM MULTIMEIOS,HUMANAS,JORNALISMO,JORNALISMO,JORNALISMO
LATICÍNIOS,HUMANAS,AGRO,LATICÍNIOS,LATICÍNIOS
ABI - LETRAS ALEMÃO,HUMANAS,LETRAS,ALEMÃO,LERAS
ABI - LETRAS PORTUGUÊS,HUMANAS,LETRAS,LETRAS,LETRAS
ABI - LETRAS,HUMANAS,LETRAS,LETRAS,LETRAS
ABI - LETRAS - PORTUGUÊS - ESPANHOL,HUMANAS,LETRAS,LETRAS,ESPANHOL
ABI - LETRAS - PORTUGUÊS - FRANCES,HUMANAS,LETRAS,LETRAS,FRANCÊS
ABI - LETRAS - PORTUGUÊS - INGLES,HUMANAS,LETRAS,LETRAS,INGLÊS
ABI - LETRAS ESPANHOL,HUMANAS,LETRAS,LETRAS,ESPANHOL
ABI - LETRAS FRANCÊS,HUMANAS,LETRAS,LETRAS,FRANCÊS
ABI - LETRAS INGLÊS,HUMANAS,LETRAS,LETRAS,INGLÊS
ABI - LETRAS ITALIANO,HUMANAS,LETRAS,LETRAS,ITALIANO
ABI - LETRAS LÍNGUA PORTUGUESA,HUMANAS,LETRAS,LETRAS,LETRAS
ABI - LETRAS VERNÁCULAS,HUMANAS,LETRAS,LETRAS,VERNÁCULAS
ABI - LETRAS VERNÁCULAS E LÍNGUA ESTRANGEIRA MODERNA,HUMANAS,LETRAS,LETRAS,VERNÁCULAS
ABI - LÍNGUA ESTRANGEIRA MODERNA OU CLÁSSICA,HUMANAS,LETRAS,LETRAS,LETRAS
LETRAS,HUMANAS,LETRAS,LETRAS,LETRAS
LETRAS  - INGLÊS E LITERATURAS DA LÍNGUA INGLESA,HUMANAS,LETRAS,LETRAS,INGLÊS
LETRAS - ALEMÃO,HUMANAS,LETRAS,LETRAS,ALEMÃO
LETRAS - ESPANHOL,HUMANAS,LETRAS,LETRAS,ESPANHOL
LETRAS - ESPANHOL E LITERATURA HISPâNICA,HUMANAS,LETRAS,LETRAS,ESPANHOL
LETRAS - ESPANHOL E LITERATURAS DE LÍNGUA ESPANHOLA,HUMANAS,LETRAS,LETRAS,ESPANHOL
LETRAS - ESPANHOL E PORTUGUÊS COMO LÍNGUAS ESTRANGEIRAS,HUMANAS,LETRAS,LETRAS,ESPANHOL
LETRAS - ESTUDOS LITERÁRIOS,HUMANAS,LETRAS,LETRAS,LETRAS
LETRAS - FRANCÊS,HUMANAS,LETRAS,LETRAS,FRANCÊS
LETRAS - FRANCÊS E LITERATURAS DE LÍNGUA FRANCESA,HUMANAS,LETRAS,LETRAS,FRANCÊS
LETRAS - GREGO,HUMANAS,LETRAS,LETRAS, GREGO
LETRAS - INGLÊS,HUMANAS,LETRAS,LETRAS,INGLÊS
LETRAS - ITALIANO,HUMANAS,LETRAS,LETRAS,ITALIANO
LETRAS - JAPONÊS,HUMANAS,LETRAS,LETRAS,JAPONÊS
LETRAS - LATIM,HUMANAS,LETRAS,LETRAS,LATIM
LETRAS - LETRAS CLáSSICAS (GREGO E LATIM),HUMANAS,LETRAS,LETRAS,LATIM
LETRAS - LIBRAS,HUMANAS,LETRAS,LETRAS,LIBRAS
LETRAS - LIBRAS/LÍNGUA ESTRANGEIRA,HUMANAS,LETRAS,LETRAS,LIBRAS
LETRAS - LÍNGUA E LITERATURA ESPANHOLA,HUMANAS,LETRAS,LETRAS,ESPANHOL
LETRAS - LÍNGUA E LITERATURA FRANCESA,HUMANAS,LETRAS,LETRAS,FRANCÊS
LETRAS - LÍNGUA E LITERATURA INGLESA,HUMANAS,LETRAS,LETRAS,INGLÊS
LETRAS - LÍNGUA E LITERATURA JAPONESA,HUMANAS,LETRAS,LETRAS,JAPONÊS
LETRAS - LÍNGUA E LITERATURA PORTUGUESA,HUMANAS,LETRAS,LETRAS,LETRAS
LETRAS - LÍNGUA E LITERATURA PORTUGUESA E LÍNGUA E LITERATURA ESPANHOLA,HUMANAS,LETRAS,LETRAS,ESPANHOL
LETRAS - LÍNGUA E LITERATURA PORTUGUESA E LÍNGUA E LITERATURA INGLESA,HUMANAS,LETRAS,LETRAS,INGLÊS
LETRAS - LINGUA ESPANHOLA,HUMANAS,LETRAS,LETRAS,ESPANHOL
LETRAS - LíNGUA ESPANHOLA E LITERATURA,HUMANAS,LETRAS,LETRAS,ESPANHOL
LETRAS - LÍNGUA ESTRANGEIRA,HUMANAS,LETRAS,LETRAS,INGLÊS
LETRAS - LíNGUA FRANCESA E LITERATURA,HUMANAS,LETRAS,LETRAS,FRANCÊS
LETRAS - LíNGUA INGLESA,HUMANAS,LETRAS,LETRAS,INGLÊS
LETRAS - LíNGUA INGLESA E RESPECTIVAS LITERATURAS,HUMANAS,LETRAS,LETRAS,INGLÊS
LETRAS - LÍNGUA INGLESA E SUAS LITERATURAS,HUMANAS,LETRAS,LETRAS,INGLÊS
LETRAS - LÍNGUA PORTUGUESA,HUMANAS,LETRAS,LETRAS,LETRAS
LETRAS - LÍNGUA PORTUGUESA COM DOMÍNIO DE LIBRAS,HUMANAS,LETRAS,LETRAS,LIBRAS
LETRAS - LÍNGUA PORTUGUESA E LIBRAS,HUMANAS,LETRAS,LETRAS,LIBRAS
LETRAS - LÍNGUA PORTUGUESA E LÍNGUA FRANCESA,HUMANAS,LETRAS,LETRAS,FRANCÊS
LETRAS - LÍNGUA PORTUGUESA E LÍNGUA INGLESA,HUMANAS,LETRAS,LETRAS,INGLÊS
LETRAS - LÍNGUA PORTUGUESA E LITERATURAS DE LíNGUA PORTUGUESA,HUMANAS,LETRAS,LETRAS,LETRAS
"LETRAS - LÍNGUAS ADICIONAIS INGLÊS, ESPANHOL E RESPECTIVAS LITERATURAS",HUMANAS,LETRAS,LETRAS,LETRAS
LETRAS - POLONÊS,HUMANAS,LETRAS,LETRAS,POLONÊS
LETRAS - PORTUGUÊS,HUMANAS,LETRAS,LETRAS,LETRAS
LETRAS - PORTUGUÊS E ALEMÃO,HUMANAS,LETRAS,LETRAS,ALEMÃO
LETRAS - PORTUGUÊS E ÁRABE,HUMANAS,LETRAS,LETRAS,ÁRABE
LETRAS - PORTUGUÊS E ESPANHOL,HUMANAS,LETRAS,LETRAS,ESPANHOL
LETRAS - PORTUGUÊS E ESPANHOL OU ALEMÃO OU GREGO OU LATIM,HUMANAS,LETRAS,LETRAS,ESPANHOL
LETRAS - PORTUGUÊS E FRANCÊS,HUMANAS,LETRAS,LETRAS,FRANCÊS
LETRAS - PORTUGUÊS E GREGO,HUMANAS,LETRAS,LETRAS,GREGO
LETRAS - PORTUGUÊS E HEBRAICO,HUMANAS,LETRAS,LETRAS,HEBRAICO
LETRAS - PORTUGUÊS E INGLÊS,HUMANAS,LETRAS,LETRAS,INGLÊS
LETRAS - PORTUGUÊS E INGLÊS E RESPECTIVAS LITERATURAS,HUMANAS,LETRAS,LETRAS,INGLÊS
LETRAS - PORTUGUÊS E ITALIANO,HUMANAS,LETRAS,LETRAS,ITALIANO
LETRAS - PORTUGUÊS E JAPONÊS,HUMANAS,LETRAS,LETRAS,JAPONÊS
LETRAS - PORTUGUÊS E LATIM,HUMANAS,LETRAS,LETRAS,LATIM
LETRAS - PORTUGUÊS E LITERATURAS,HUMANAS,LETRAS,LETRAS,LETRAS
LETRAS - PORTUGUÊS E LITERATURAS DA LÍNGUA PORTUGUESA,HUMANAS,LETRAS,LETRAS,LETRAS
LETRAS - PORTUGUÊS E LITERATURAS DE LÍNGUA PORTUGUESA,HUMANAS,LETRAS,LETRAS,LETRAS
LETRAS - PORTUGUÊS E POLONÊS,HUMANAS,LETRAS,LETRAS,POLONÊS
LETRAS - PORTUGUÊS E RUSSO,HUMANAS,LETRAS,LETRAS,RUSSO
LETRAS - PORTUGUÊS-INGLÊS,HUMANAS,LETRAS,LETRAS,INGLÊS
LETRAS - REDAÇÃO E REVISÃO DE TEXTOS,HUMANAS,LETRAS,LETRAS,REDAÇÃO
LETRAS - TRADUÇÃO,HUMANAS,LETRAS,LETRAS,TRADUÇÃO
LETRAS - TRADUÇÃO ESPANHOL - PORTUGUÊS,HUMANAS,LETRAS,LETRAS,TRADUÇÃO
LETRAS - TRADUÇÃO INGLÊS - PORTUGUÊS,HUMANAS,LETRAS,LETRAS,TRADUÇÃO
LETRAS LIBRAS/LITERATURA SURDA,HUMANAS,LETRAS,LETRAS,LIBRAS
LETRAS MODERNAS - PORTUGUÊS/INGLÊS E RESPECTIVAS LITERATURAS,HUMANAS,LETRAS,LETRAS,INGLÊS
LETRAS PORTUGUÊS E ESPANHOL E RESPECTIVAS LITERATURAS,HUMANAS,LETRAS,LETRAS,ESPANHOL
LETRAS PORTUGUÊS E FRANCÊS,HUMANAS,LETRAS,LETRAS,FRANCÊS
LETRAS PORTUGUÊS E INGLÊS,HUMANAS,LETRAS,LETRAS,INGLÊS
LETRAS VERNÁCULAS - PORTUGUÊS E RESPECTIVAS LITERATURAS,HUMANAS,LETRAS,LETRAS,VERNÁCULAS
LETRAS: ESPANHOL,HUMANAS,LETRAS,LETRAS,ESPANHOL
LETRAS: ESTUDOS LITERÁRIOS,HUMANAS,LETRAS,LETRAS,LETRAS
LETRAS: FRANCÊS,HUMANAS,LETRAS,LETRAS,FRANCÊS
LETRAS: INGLÊS,HUMANAS,LETRAS,LETRAS,INGLÊS
LETRAS: LIBRAS,HUMANAS,LETRAS,LETRAS,LIBRAS
LETRAS: LINGUÍSTICA,HUMANAS,LETRAS,LETRAS,LINGUÍSTICA
LETRAS: PORTUGUÊS,HUMANAS,LETRAS,LETRAS,LETRAS
LETRAS: TRADUÇÃO E INTERPRETAÇÃO EM LIBRAS/PORTUGUÊS,HUMANAS,LETRAS,LETRAS,LIBRAS
LÍNGUAS ESTRANGEIRAS APLICADAS ÀS NEGOCIAÇÕES INTERNACIONAIS,HUMANAS,LETRAS,LETRAS,LETRAS
LíNGUAS ESTRANGEIRAS APLICADAS àS NEGOCIAçõES INTERNACIONAIS   ,HUMANAS,LETRAS,LETRAS,LETRAS
LÍNGUA E LITERATURAS DA LÍNGUA INGLESA,HUMANAS,LETRAS,LETRAS,LETRAS
LÍNGUA PORTUGUESA E RESPECTIVAS LITERATURAS,HUMANAS,LETRAS,LETRAS,LETRAS
LINGUAGENS E CóDIGOS - LíNGUA PORTUGUESA,HUMANAS,LETRAS,LETRAS,LETRAS
LINGUAGENS E CÓDIGOS - MÚSICA,HUMANAS,LETRAS,MÚSICA,LINGUAGENS E CÓDIGOS
Linguística,HUMANAS,SOCIOLOGIA,Linguística,LINGUÍSTICA
LOGÍSTICA,EXATAS,ADMINISTRAÇÃO,ADMINISTRAÇÃO,LOGÍSTICA
LUTERIA,HUMANAS,MÚSICA,LUTERIA,LUTERIA
MANUTENÇÃO INDUSTRIAL,EXATAS,MANUTENÇÃO,MANUTENÇÃO INDUSTRIAL,MANUTENÇÃO INDUSTRIAL
MARKETING,HUMANAS,ADMINISTRAÇÃO,ADMINISTRAÇÃO,MARKETING
ABI - CIÊNCIAS DA NATUREZA E MATEMÁTICA,EXATAS,MATEMÁTICA,MATEMÁTICA,MATEMÁTICA
ABI - MATEMÁTICA,EXATAS,MATEMÁTICA,MATEMÁTICA,MATEMÁTICA
CIÊNCIAS - MATEMÁTICA E FÍSICA,EXATAS,MATEMÁTICA,MATEMÁTICA,MATEMÁTICA
CIÊNCIAS MATEMÁTICAS E DA TERRA,EXATAS,MATEMÁTICA,MATEMÁTICA,MATEMÁTICA
INTERDISCIPLINAR EM MATEMÁTICA E COMPUTAÇÃO E SUAS TECNOLOGIAS,EXATAS,COMPUTAÇÃO,MATEMÁTICA,MATEMÁTICA
MATEMÁTICA,EXATAS,MATEMÁTICA,MATEMÁTICA,MATEMÁTICA
MATEMÁTICA - LICENCIATURA OU BACHARELADO,EXATAS,MATEMÁTICA,MATEMÁTICA,MATEMÁTICA
MATEMÁTICA APLICADA,EXATAS,MATEMÁTICA,MATEMÁTICA,MATEMÁTICA
MATEMÁTICA APLICADA E COMPUTACIONAL,EXATAS,MATEMÁTICA,MATEMÁTICA,MATEMÁTICA
MATEMÁTICA COMPUTACIONAL,EXATAS,MATEMÁTICA,MATEMÁTICA,MATEMÁTICA
MATEMÁTICA INDUSTRIAL,EXATAS,MATEMÁTICA,MATEMÁTICA,MATEMÁTICA
MATEMÁTICA PURA E APLICADA,EXATAS,MATEMÁTICA,MATEMÁTICA,MATEMÁTICA
MATEMÁTICA TECNOLÓGICA,EXATAS,MATEMÁTICA,MATEMÁTICA,MATEMÁTICA
MECATRÔNICA INDUSTRIAL,EXATAS,MECATRÔNICA,MECATRÔNICA INDUSTRIAL,MECATRÔNICA
MEDIAÇÃO CULTURAL - ARTES E LETRAS,HUMANAS,ARTES,LETRAS,LETRAS
MEDICINA,BIOLÓGICAS,SAÚDE,MEDICINA,MEDICINA
MEDICINA VETERINÁRIA,BIOLÓGICAS,SAÚDE,MEDICINA VETERINÁRIA,MEDICINA VETERINÁRIA
METEOROLOGIA,HUMANAS,AMBIENTE,METEOROLOGIA,METEOROLOGIA
MÍDIA E TECNOLOGIA,EXATAS,COMPUTAÇÃO,MÍDIAS,MÍDIAS
MÍDIAS DIGITAIS,HUMANAS,COMPUTAÇÃO,MÍDIAS,MÍDIAS
MÍDIAS SOCIAIS DIGITAIS,HUMANAS,COMPUTAÇÃO,MÍDIAS,MÍDIAS
MINERAÇÃO,EXATAS,MINERAÇÃO,MINERAÇÃO,MINERAÇÃO
MUSEOLOGIA,HUMANAS,ANTROPOLOGIA,MUSEOLOGIA,MUSEOLOGIA
MÚSICA,HUMANAS,MÚSICA,MÚSICA,MÚSICA
MÚSICA - CANTO,HUMANAS,MÚSICA,MÚSICA,MÚSICA
MúSICA - CIêNCIAS MUSICAIS,HUMANAS,MÚSICA,CIÊNCIAS,MÚSICA
MÚSICA - COMPOSIÇÃO,HUMANAS,MÚSICA,MÚSICA,MÚSICA
MÚSICA - CORDAS FRICCIONADAS,HUMANAS,MÚSICA,MÚSICA,MÚSICA
MÚSICA - EDUCAÇÃO MUSICAL,HUMANAS,MÚSICA,MÚSICA,MÚSICA
MÚSICA - FLAUTA TRANSVERSAL,HUMANAS,MÚSICA,MÚSICA,MÚSICA
MÚSICA - MÚSICA POPULAR BRASILEIRA,HUMANAS,MÚSICA,MÚSICA,MÚSICA
MÚSICA - PIANO,HUMANAS,MÚSICA,MÚSICA,MÚSICA
MÚSICA - REGÊNCIA,HUMANAS,MÚSICA,MÚSICA,MÚSICA
MÚSICA - SOPROS,HUMANAS,MÚSICA,MÚSICA,MÚSICA
MÚSICA - VIOLÃO,HUMANAS,MÚSICA,MÚSICA,MÚSICA
MÚSICA - VIOLINO,HUMANAS,MÚSICA,MÚSICA,MÚSICA
MÚSICA POPULAR,HUMANAS,MÚSICA,MÚSICA,MÚSICA
MUSICOTERAPIA,BIOLÓGICAS,MÚSICA,MUSICOTERAPIA,MUSICOTERAPIA
NANOTECNOLOGIA,EXATAS,COMPUTAÇÃO,NANOTECNOLOGIA,NANOTECNOLOGIA
NUTRIÇÃO,BIOLÓGICAS,SAÚDE,NUTRIÇÃO,NUTRIÇÃO
OCEANOGRAFIA,HUMANAS,AMBIENTE,OCEANOGRAFIA,OCEANOGRAFIA
OCEANOLOGIA,HUMANAS,AMBIENTE,OCEANOLOGIA,OCEANOLOGIA
ODONTOLOGIA,BIOLÓGICAS,SAÚDE,ODONTOLOGIA,ODONTOLOGIA
OFTÁLMICA,BIOLÓGICAS,SAÚDE,OFTÁLMICA,OFTÁLMICA
PAISAGISMO,HUMANAS,AMBIENTE,PAISAGISMO,PAISAGISMO
PEDAGOGIA,HUMANAS,PEDAGOGIA,PEDAGOGIA,PEDAGOGIA
PEDAGOGIA - EDUCAçãO DO CAMPO,HUMANAS,PEDAGOGIA,PEDAGOGIA,PEDAGOGIA
PEDAGOGIA - EDUCAÇÃO INFANTIL E ANOS INICIAIS DO ENSINO FUNDAMENTAL,HUMANAS,PEDAGOGIA,PEDAGOGIA,PEDAGOGIA
PEDAGOGIA BILÍNGUE,HUMANAS,PEDAGOGIA,PEDAGOGIA,PEDAGOGIA
PEDAGOGIA BILINGUE  - LIBRAS/PORTUGUÊS,HUMANAS,PEDAGOGIA,PEDAGOGIA,PEDAGOGIA
PINTURA,HUMANAS,ARTES,PINTURA,PINTURA
POLÍTICA E GESTÃO CULTURAL,HUMANAS,POLÍTICA,GESTÃO,POLÍTICAS PÚBLICAS
POLÍTICAS PÚBLICAS,HUMANAS,POLÍTICA,POLÍTICAS PÚBLICAS,POLÍTICAS PÚBLICAS
POLÍTICAS PÚBLICAS E GESTÃO SOCIAL,HUMANAS,POLÍTICA,POLÍTICAS PÚBLICAS,POLÍTICAS PÚBLICAS
PROCESSOS GERENCIAIS,EXATAS,ADMINISTRAÇÃO,PROCESSOS GERENCIAIS,PROCESSOS GERENCIAIS
PROCESSOS METALÚRGICOS,EXATAS,METALÚRGICOS,PROCESSOS METALÚRGICOS,PROCESSOS METALÚRGICOS
PROCESSOS QUÍMICOS,EXATAS,QUÍMICA,PROCESSOS QUÍMICOS,PROCESSOS QUÍMICOS
PRODUÇÃO CULTURAL,EXATAS,PRODUÇÃO,ENGENHARIA TÊXTIL,PRODUÇÃO CULTURAL
PRODUÇÃO DE CACAU E CHOCOLATE,EXATAS,AGRO,PRODUÇÃO DE CACAU E CHOCOLATE,PRODUÇÃO DE CACAU E CHOCOLATE
PRODUÇÃO DE GRÃOS,EXATAS,AGRO,PRODUÇÃO DE GRÃOS,PRODUÇÃO DE GRÃOS
PRODUÇÃO E POLÍTICA CULTURAL,HUMANAS,POLÍTICA,PRODUÇÃO E POLÍTICA CULTURAL,PRODUÇÃO E POLÍTICA CULTURAL
PRODUÇÃO MULTIMÍDIA,EXATAS,PRODUÇÃO,PRODUÇÃO MULTIMÍDIA,PRODUÇÃO MULTIMÍDIA
PRODUÇÃO MUSICAL,EXATAS,MÚSICA,PRODUÇÃO MUSICAL,PRODUÇÃO MUSICAL
PRODUÇÃO PUBLICITÁRIA,EXATAS,COMUNICAÇÃO,PRODUÇÃO PUBLICITÁRIA,PRODUÇÃO PUBLICITÁRIA
PRODUÇÃO SUCROALCOOLEIRA,EXATAS,AGRO,PRODUÇÃO SUCROALCOOLEIRA,PRODUÇÃO SUCROALCOOLEIRA
ABI - PSICOLOGIA,HUMANAS,PSICOLOGIA,PSICOLOGIA,PSICOLOGIA
PSICOLOGIA,HUMANAS,PSICOLOGIA,PSICOLOGIA,PSICOLOGIA
PSICOPEDAGOGIA,HUMANAS,PSICOLOGIA,PSICOLOGIA,PSICOLOGIA
PUBLICIDADE E PROPAGANDA,HUMANAS,COMUNICAÇÃO,PUBLICIDADE E PROPAGANDA,PUBLICIDADE E PROPAGANDA
ABI - QUíMICA,EXATAS,QUÍMICA,QUÍMICA,QUíMICA
CIêNCIAS NATURAIS - QUíMICA,EXATAS,QUÍMICA,QUÍMICA,QUíMICA
QUÍMICA,EXATAS,QUÍMICA,QUÍMICA,QUÍMICA
QUÍMICA - ATRIBUIÇÔES TECNOLÓGICAS,EXATAS,QUÍMICA,QUÍMICA,QUÍMICA
QUÍMICA - LICENCIATURA OU BACHARELADO,EXATAS,QUÍMICA,QUÍMICA,QUÍMICA
QUíMICA - QUíMICA FORENSE,EXATAS,QUÍMICA,QUÍMICA,QUÍMICA
QUÍMICA AMBIENTAL,EXATAS,QUÍMICA,QUÍMICA,QUÍMICA
QUÍMICA DE ALIMENTOS,EXATAS,QUÍMICA,QUÍMICA,QUÍMICA
QUÍMICA DO PETRÓLEO,EXATAS,QUÍMICA,QUÍMICA,QUÍMICA
QUÍMICA INDUSTRIAL,EXATAS,QUÍMICA,QUÍMICA,QUÍMICA
QUÍMICA MEDICINAL,BIOLÓGICAS,QUÍMICA,QUÍMICA,QUÍMICA
QUÍMICA TECNOLÓGICA,EXATAS,QUÍMICA,QUÍMICA,QUÍMICA
QUÍMICA TECNOLÓGICA E AGROQUÍMICA,EXATAS,QUÍMICA,QUÍMICA,QUÍMICA
QUÍMICA TECNOLÓGICA E INDUSTRIAL,EXATAS,QUÍMICA,QUÍMICA,QUÍMICA
RADIALISMO,HUMANAS,RADIALISMO,RADIALISMO,"RÁDIO, TV E INTERNET"
"RÁDIO, TV E INTERNET",HUMANAS,RADIALISMO,"RÁDIO, TV E INTERNET","RÁDIO, TV E INTERNET"
RADIOLOGIA,BIOLÓGICAS,SAÚDE,RADIOLOGIA,RADIOLOGIA
REDES DE COMPUTADORES,EXATAS,COMPUTAÇÃO,REDES DE COMPUTADORES,REDES DE COMPUTADORES
RELAÇÕES ECONÔMICAS INTERNACIONAIS,HUMANAS,ADMINISTRAÇÃO,ADMINISTRAÇÃO,RELAÇÕES INTERNACIONAIS
RELAÇÕES INTERNACIONAIS,HUMANAS,ADMINISTRAÇÃO,ADMINISTRAÇÃO,RELAÇÕES INTERNACIONAIS
RELAÇÕES INTERNACIONAIS E INTEGRAÇÃO,HUMANAS,ADMINISTRAÇÃO,ADMINISTRAÇÃO,RELAÇÕES INTERNACIONAIS
RELAÇÕES PÚBLICAS,HUMANAS,POLÍTICA,RELAÇÕES PÚBLICAS,RELAÇÕES PÚBLICAS
SANEAMENTO AMBIENTAL,BIOLÓGICAS,AMBIENTE,SANEAMENTO AMBIENTAL,SANEAMENTO AMBIENTAL
INTERDISCIPLINAR EM SAÚDE,BIOLÓGICAS,SAÚDE,INTERDISCIPLINAR,SAÚDE
SAÚDE COLETIVA,BIOLÓGICAS,SAÚDE,SAÚDE COLETIVA,SAÚDE
SECRETARIADO,HUMANAS,SECRETARIADO EXECUTIVO,SECRETARIADO,SECRETARIADO
SECRETARIADO EXECUTIVO,HUMANAS,SECRETARIADO EXECUTIVO,SECRETARIADO,SECRETARIADO
SECRETARIADO EXECUTIVO - BILÍNGUE,HUMANAS,SECRETARIADO EXECUTIVO,SECRETARIADO,SECRETARIADO
SECRETARIADO EXECUTIVO TRILÍNGUE,HUMANAS,SECRETARIADO EXECUTIVO,SECRETARIADO,SECRETARIADO
SEGURANÇA DA INFORMAÇÃO,HUMANAS,COMPUTAÇÃO,SEGURANÇA DA INFORMAÇÃO,SEGURANÇA DA INFORMAÇÃO
SEGURANÇA PÚBLICA,HUMANAS,POLÍTICA,SEGURANÇA PÚBLICA,SEGURANÇA PÚBLICA
SERVIÇO SOCIAL,HUMANAS,SOCIOLOGIA,SERVIÇO SOCIAL,SERVIÇO SOCIAL
SISTEMAS DE ENERGIA,EXATAS,COMPUTAÇÃO,SISTEMAS DE ENERGIA,SISTEMAS DE ENERGIA
ANÁLISE E DESENVOLVIMENTO DE SISTEMAS,EXATAS,COMPUTAÇÃO,SISTEMAS DE INFORMAÇÃO,SISTEMAS DE INFORMAÇÃO
SISTEMA DE INFORMAÇÃO,EXATAS,COMPUTAÇÃO,SISTEMAS DE INFORMAÇÃO,SISTEMAS DE INFORMAÇÃO
SISTEMAS DE COMPUTAÇÃO,EXATAS,COMPUTAÇÃO,SISTEMAS DE COMPUTAÇÃO,SISTEMAS DE INFORMAÇÃO
SISTEMAS DE INFORMAÇÃO,EXATAS,COMPUTAÇÃO,SISTEMAS DE INFORMAÇÃO,SISTEMAS DE INFORMAÇÃO
TECNOLOGIA DA INFORMAÇÃO,EXATAS,COMPUTAÇÃO,SISTEMAS DE INFORMAÇÃO,SISTEMAS DE INFORMAÇÃO
TECNOLOGIA EM GESTÃO E INOVAÇÃO EM AGRONEGÓCIO,EXATAS,COMPUTAÇÃO,ENGENHARIA DE PRODUÇÃO,SISTEMAS DE INFORMAÇÃO
TECNOLOGIAS DA INFORMAÇÃO E COMUNICAÇÃO,EXATAS,COMPUTAÇÃO,SISTEMAS DE INFORMAÇÃO,SISTEMAS DE INFORMAÇÃO
SISTEMAS DE TELECOMUNICAÇÕES,EXATAS,COMPUTAÇÃO,SISTEMAS DE TELECOMUNICAÇÕES,SISTEMAS DE TELECOMUNICAÇÕES
SISTEMAS E MÍDIAS DIGITAIS,EXATAS,COMPUTAÇÃO,SISTEMAS E MÍDIAS DIGITAIS,SISTEMAS E MÍDIAS DIGITAIS
SISTEMAS EMBARCADOS,EXATAS,COMPUTAÇÃO,SISTEMAS EMBARCADOS,SISTEMAS EMBARCADOS
SISTEMAS PARA INTERNET,EXATAS,COMPUTAÇÃO,SISTEMAS PARA INTERNET,SISTEMAS PARA INTERNET
"SOM, IMAGEM E MOVIMENTO",HUMANAS,ARTES,"SOM, IMAGEM E MOVIMENTO","SOM, IMAGEM E MOVIMENTO"
ABI - TEATRO,HUMANAS,ARTES,DANÇA,TEATRO
TEATRO,HUMANAS,ARTES,TEATRO,TEATRO
TELEMÁTICA,EXATAS,COMPUTAÇÃO,TELEMÁTICA,TELEMÁTICA
TERAPIA OCUPACIONAL,BIOLÓGICAS,SAÚDE,TERAPIA OCUPACIONAL,TERAPIA OCUPACIONAL
TRADUÇÃO,HUMANAS,TRADUÇÃO,TRADUÇÃO,TRADUÇÃO
TRADUÇÃO E INTERPRETAÇÃO EM LÍNGUA BRASILEIRA DE SINAIS - LIBRAS/LÍNGUA PORTUGUESA,HUMANAS,TRADUÇÃO,TRADUÇÃO,TRADUÇÃO
TURISMO,HUMANAS,TURISMO,TURISMO,TURISMO
TURISMO E HOTELARIA,HUMANAS,TURISMO,TURISMO,TURISMO
TURISMO E NEGÓCIOS,HUMANAS,TURISMO,TURISMO,TURISMO
TURISMO PATRIMONIAL E SOCIOAMBIENTAL,HUMANAS,TURISMO,TURISMO,TURISMO
URBANISMO,HUMANAS,POLÍTICA,URBANISMO,URBANISMO
VITICULTURA E ENOLOGIA,HUMANAS,ENOLOGIA,VITICULTURA E ENOLOGIA,VITICULTURA E ENOLOGIA
ZOOTECNIA,BIOLÓGICAS,AGRO,ZOOTECNIA,ZOOTECNIA
